product_id,product_name,category,discounted_price,actual_price,discount_percentage,rating,rating_count,about_product,product_link
B0C69DCX7J,ANRABESS Women Athletic Dress Summer Tennis Workout Active Sports Mini Romper Dress Built in Shorts Travel Vacation Clothes,Clothing,27.99,,,4.3,2534,N/A,https://www.amazon.com/ANRABESS-Workout-Athleisure-Outfits-Vacation/dp/B0C69DCX7J/ref=sr_1_1?dib=eyJ2IjoiMSJ9.brIFAbzpeP3Tv9-IYuidWry09gbv4hlzcNFGBv9mGOndMwyd7kro-zBYnAJDfKiyaveIOsEydhY-FkdObi9_r_iAqdAyT4SVtPbKxuhwNPGXCKxS_xkA4YSYUbFH3TYZRa3P4nsXCTk_BUX6bpwz5gh7KmVctXrldwxi8tSiujDcq2aRPzZkJyDjVCh21sY9t450dVQfYAFkmZoMEfy81Tw6faojJuCbzp2kKNeaMVqUnvUpysijnxMqScVPATVKRw31HXbe_1Ewx-fLBHKYphOzcuEbkfqlPWxowommZX0.cO8swRyK4v25sIr_hp95S1wzBFoByzfX2CdGhUwmJK0&dib_tag=se&keywords=clothing&qid=1746188099&sr=8-1
B086L69KCL,"Hanes Men's Boxer Briefs, Cool Dri Moisture-Wicking Underwear, Cotton No-Ride-up for Men, Multi-Packs",Clothing,16.31,,,4.5,162987,N/A,https://www.amazon.com/Hanes-Moisture-Wicking-Underwear-No-Ride-up-Multi-Packs/dp/B086L69KCL/ref=sr_1_2?dib=eyJ2IjoiMSJ9.brIFAbzpeP3Tv9-IYuidWry09gbv4hlzcNFGBv9mGOndMwyd7kro-zBYnAJDfKiyaveIOsEydhY-FkdObi9_r_iAqdAyT4SVtPbKxuhwNPGXCKxS_xkA4YSYUbFH3TYZRa3P4nsXCTk_BUX6bpwz5gh7KmVctXrldwxi8tSiujDcq2aRPzZkJyDjVCh21sY9t450dVQfYAFkmZoMEfy81Tw6faojJuCbzp2kKNeaMVqUnvUpysijnxMqScVPATVKRw31HXbe_1Ewx-fLBHKYphOzcuEbkfqlPWxowommZX0.cO8swRyK4v25sIr_hp95S1wzBFoByzfX2CdGhUwmJK0&dib_tag=se&keywords=clothing&qid=1746188099&sr=8-2
B09315VY54,"Gildan Men's Crew T-Shirts, Multipack, Style G1100",Clothing,18.77,,,4.6,307725,N/A,https://www.amazon.com/Gildan-T-Shirts-Multipack-Military-5-Pack/dp/B09315VY54/ref=sr_1_3?dib=eyJ2IjoiMSJ9.brIFAbzpeP3Tv9-IYuidWry09gbv4hlzcNFGBv9mGOndMwyd7kro-zBYnAJDfKiyaveIOsEydhY-FkdObi9_r_iAqdAyT4SVtPbKxuhwNPGXCKxS_xkA4YSYUbFH3TYZRa3P4nsXCTk_BUX6bpwz5gh7KmVctXrldwxi8tSiujDcq2aRPzZkJyDjVCh21sY9t450dVQfYAFkmZoMEfy81Tw6faojJuCbzp2kKNeaMVqUnvUpysijnxMqScVPATVKRw31HXbe_1Ewx-fLBHKYphOzcuEbkfqlPWxowommZX0.cO8swRyK4v25sIr_hp95S1wzBFoByzfX2CdGhUwmJK0&dib_tag=se&keywords=clothing&qid=1746188099&sr=8-3
B0BPYDHG56,Trendy Queen Womens Oversized Summer T Shirts Fashion Workout Plus Size Tops Short Sleeve Beach Vacation Gym Clothes 2025,Clothing,9.99,,,4.3,2966,N/A,https://www.amazon.com/Trendy-Queen-Oversized-Crewneck-DarkPink/dp/B0BPYDHG56/ref=sr_1_4?dib=eyJ2IjoiMSJ9.brIFAbzpeP3Tv9-IYuidWry09gbv4hlzcNFGBv9mGOndMwyd7kro-zBYnAJDfKiyaveIOsEydhY-FkdObi9_r_iAqdAyT4SVtPbKxuhwNPGXCKxS_xkA4YSYUbFH3TYZRa3P4nsXCTk_BUX6bpwz5gh7KmVctXrldwxi8tSiujDcq2aRPzZkJyDjVCh21sY9t450dVQfYAFkmZoMEfy81Tw6faojJuCbzp2kKNeaMVqUnvUpysijnxMqScVPATVKRw31HXbe_1Ewx-fLBHKYphOzcuEbkfqlPWxowommZX0.cO8swRyK4v25sIr_hp95S1wzBFoByzfX2CdGhUwmJK0&dib_tag=se&keywords=clothing&qid=1746188099&sr=8-4
B0DP94TVJS,AUTOMET Womens Lace Tops Pleated Short Sleeve Shirts Summer Business Casual Dressy Blouses,Clothing,12.99,,,4.4,377,N/A,https://www.amazon.com/AUTOMET-Business-Sleeveless-Vacation-Clothing/dp/B0DP94TVJS/ref=sr_1_5?dib=eyJ2IjoiMSJ9.brIFAbzpeP3Tv9-IYuidWry09gbv4hlzcNFGBv9mGOndMwyd7kro-zBYnAJDfKiyaveIOsEydhY-FkdObi9_r_iAqdAyT4SVtPbKxuhwNPGXCKxS_xkA4YSYUbFH3TYZRa3P4nsXCTk_BUX6bpwz5gh7KmVctXrldwxi8tSiujDcq2aRPzZkJyDjVCh21sY9t450dVQfYAFkmZoMEfy81Tw6faojJuCbzp2kKNeaMVqUnvUpysijnxMqScVPATVKRw31HXbe_1Ewx-fLBHKYphOzcuEbkfqlPWxowommZX0.cO8swRyK4v25sIr_hp95S1wzBFoByzfX2CdGhUwmJK0&dib_tag=se&keywords=clothing&qid=1746188099&sr=8-5
B0CYC81YN1,AUTOMET Womens Cap Sleeve Summer Tops Business Casual T Shirts Dressy Spring Fashion Outfits Cute Trendy Clothes 2025,Clothing,6.99,,,4.3,2191,N/A,https://www.amazon.com/AUTOMET-Crewneck-Vacation-Outfits-Clothing/dp/B0CYC81YN1/ref=sr_1_6?dib=eyJ2IjoiMSJ9.brIFAbzpeP3Tv9-IYuidWry09gbv4hlzcNFGBv9mGOndMwyd7kro-zBYnAJDfKiyaveIOsEydhY-FkdObi9_r_iAqdAyT4SVtPbKxuhwNPGXCKxS_xkA4YSYUbFH3TYZRa3P4nsXCTk_BUX6bpwz5gh7KmVctXrldwxi8tSiujDcq2aRPzZkJyDjVCh21sY9t450dVQfYAFkmZoMEfy81Tw6faojJuCbzp2kKNeaMVqUnvUpysijnxMqScVPATVKRw31HXbe_1Ewx-fLBHKYphOzcuEbkfqlPWxowommZX0.cO8swRyK4v25sIr_hp95S1wzBFoByzfX2CdGhUwmJK0&dib_tag=se&keywords=clothing&qid=1746188099&sr=8-6
B0DNMTH86X,AUTOMET Womens Summer Tops Workout Shirts Beach Vacation Outfits Business Tshirts Dressy Fashion Spring Clothes 2025,Clothing,7.19,,,4.6,364,N/A,https://www.amazon.com/AUTOMET-Workout-Vacation-Outfits-Business/dp/B0DNMTH86X/ref=sr_1_7?dib=eyJ2IjoiMSJ9.brIFAbzpeP3Tv9-IYuidWry09gbv4hlzcNFGBv9mGOndMwyd7kro-zBYnAJDfKiyaveIOsEydhY-FkdObi9_r_iAqdAyT4SVtPbKxuhwNPGXCKxS_xkA4YSYUbFH3TYZRa3P4nsXCTk_BUX6bpwz5gh7KmVctXrldwxi8tSiujDcq2aRPzZkJyDjVCh21sY9t450dVQfYAFkmZoMEfy81Tw6faojJuCbzp2kKNeaMVqUnvUpysijnxMqScVPATVKRw31HXbe_1Ewx-fLBHKYphOzcuEbkfqlPWxowommZX0.cO8swRyK4v25sIr_hp95S1wzBFoByzfX2CdGhUwmJK0&dib_tag=se&keywords=clothing&qid=1746188099&sr=8-7
B0CL9D24CC,Dokotoo Women's Casual Loose Overalls Jumpsuits One Piece Sleeveless Printed Wide Leg Long Pant Rompers With Pockets,Clothing,33.88,,,4.1,2658,N/A,https://www.amazon.com/Dokotoo-Overalls-Sleeveless-Jumpsuits-Stretchy/dp/B0CL9D24CC/ref=sr_1_8?dib=eyJ2IjoiMSJ9.brIFAbzpeP3Tv9-IYuidWry09gbv4hlzcNFGBv9mGOndMwyd7kro-zBYnAJDfKiyaveIOsEydhY-FkdObi9_r_iAqdAyT4SVtPbKxuhwNPGXCKxS_xkA4YSYUbFH3TYZRa3P4nsXCTk_BUX6bpwz5gh7KmVctXrldwxi8tSiujDcq2aRPzZkJyDjVCh21sY9t450dVQfYAFkmZoMEfy81Tw6faojJuCbzp2kKNeaMVqUnvUpysijnxMqScVPATVKRw31HXbe_1Ewx-fLBHKYphOzcuEbkfqlPWxowommZX0.cO8swRyK4v25sIr_hp95S1wzBFoByzfX2CdGhUwmJK0&dib_tag=se&keywords=clothing&qid=1746188099&sr=8-8
B09SNZJGJD,AUTOMET Summer Tops Women Spring Short Sleeve Shirts Beach Vacation Outfits Plus Size Workout Tshirts Casual Clothes 2025,Clothing,9.99,,,4.4,2981,N/A,https://www.amazon.com/AUTOMET-Womens-Sleeve-Shirts-Crewneck/dp/B09SNZJGJD/ref=sr_1_9?dib=eyJ2IjoiMSJ9.brIFAbzpeP3Tv9-IYuidWry09gbv4hlzcNFGBv9mGOndMwyd7kro-zBYnAJDfKiyaveIOsEydhY-FkdObi9_r_iAqdAyT4SVtPbKxuhwNPGXCKxS_xkA4YSYUbFH3TYZRa3P4nsXCTk_BUX6bpwz5gh7KmVctXrldwxi8tSiujDcq2aRPzZkJyDjVCh21sY9t450dVQfYAFkmZoMEfy81Tw6faojJuCbzp2kKNeaMVqUnvUpysijnxMqScVPATVKRw31HXbe_1Ewx-fLBHKYphOzcuEbkfqlPWxowommZX0.cO8swRyK4v25sIr_hp95S1wzBFoByzfX2CdGhUwmJK0&dib_tag=se&keywords=clothing&qid=1746188099&sr=8-9
B0775MH7RH,"Amazon Essentials Women's Classic-Fit Short-Sleeve V-Neck T-Shirt, Multipacks",Clothing,6.05,,,4.4,52090,N/A,https://www.amazon.com/Amazon-Essentials-Classic-Fit-Short-Sleeve-Charcoal/dp/B0775MH7RH/ref=sr_1_10?dib=eyJ2IjoiMSJ9.brIFAbzpeP3Tv9-IYuidWry09gbv4hlzcNFGBv9mGOndMwyd7kro-zBYnAJDfKiyaveIOsEydhY-FkdObi9_r_iAqdAyT4SVtPbKxuhwNPGXCKxS_xkA4YSYUbFH3TYZRa3P4nsXCTk_BUX6bpwz5gh7KmVctXrldwxi8tSiujDcq2aRPzZkJyDjVCh21sY9t450dVQfYAFkmZoMEfy81Tw6faojJuCbzp2kKNeaMVqUnvUpysijnxMqScVPATVKRw31HXbe_1Ewx-fLBHKYphOzcuEbkfqlPWxowommZX0.cO8swRyK4v25sIr_hp95S1wzBFoByzfX2CdGhUwmJK0&dib_tag=se&keywords=clothing&qid=1746188099&sr=8-10
B0DCZ4KXWK,Trendy Queen Women's Long Sleeve Shirts Slim Fit Stretchy Color Block Slightly Cropped Tops,Clothing,9.99,,,4.3,632,N/A,https://www.amazon.com/Trendy-Queen-Fashion-Outfits-Clothes/dp/B0DCZ4KXWK/ref=sr_1_11?dib=eyJ2IjoiMSJ9.brIFAbzpeP3Tv9-IYuidWry09gbv4hlzcNFGBv9mGOndMwyd7kro-zBYnAJDfKiyaveIOsEydhY-FkdObi9_r_iAqdAyT4SVtPbKxuhwNPGXCKxS_xkA4YSYUbFH3TYZRa3P4nsXCTk_BUX6bpwz5gh7KmVctXrldwxi8tSiujDcq2aRPzZkJyDjVCh21sY9t450dVQfYAFkmZoMEfy81Tw6faojJuCbzp2kKNeaMVqUnvUpysijnxMqScVPATVKRw31HXbe_1Ewx-fLBHKYphOzcuEbkfqlPWxowommZX0.cO8swRyK4v25sIr_hp95S1wzBFoByzfX2CdGhUwmJK0&dib_tag=se&keywords=clothing&qid=1746188099&sr=8-11
B08R99V6KP,"Amazon Essentials Women's Cotton Bikini Brief Underwear (Available in Plus Size), Multipacks",Clothing,9.58,,,4.4,149874,N/A,https://www.amazon.com/Amazon-Essentials-Stretch-Classic-Assorted/dp/B08R99V6KP/ref=sr_1_12?dib=eyJ2IjoiMSJ9.brIFAbzpeP3Tv9-IYuidWry09gbv4hlzcNFGBv9mGOndMwyd7kro-zBYnAJDfKiyaveIOsEydhY-FkdObi9_r_iAqdAyT4SVtPbKxuhwNPGXCKxS_xkA4YSYUbFH3TYZRa3P4nsXCTk_BUX6bpwz5gh7KmVctXrldwxi8tSiujDcq2aRPzZkJyDjVCh21sY9t450dVQfYAFkmZoMEfy81Tw6faojJuCbzp2kKNeaMVqUnvUpysijnxMqScVPATVKRw31HXbe_1Ewx-fLBHKYphOzcuEbkfqlPWxowommZX0.cO8swRyK4v25sIr_hp95S1wzBFoByzfX2CdGhUwmJK0&dib_tag=se&keywords=clothing&qid=1746188099&sr=8-12
B0CRRPWK37,ANRABESS Lounge Sets for Women 2 Piece Foldover Yoga Flare Leggings Pants Crop Tops Casual Y2K Outfits Matching Tracksuit Set,Clothing,19.99,,,4.3,829,N/A,https://www.amazon.com/ANRABESS-Loungewear-Foldover-Leggings-Cropped/dp/B0CRRPWK37/ref=sr_1_13?dib=eyJ2IjoiMSJ9.brIFAbzpeP3Tv9-IYuidWry09gbv4hlzcNFGBv9mGOndMwyd7kro-zBYnAJDfKiyaveIOsEydhY-FkdObi9_r_iAqdAyT4SVtPbKxuhwNPGXCKxS_xkA4YSYUbFH3TYZRa3P4nsXCTk_BUX6bpwz5gh7KmVctXrldwxi8tSiujDcq2aRPzZkJyDjVCh21sY9t450dVQfYAFkmZoMEfy81Tw6faojJuCbzp2kKNeaMVqUnvUpysijnxMqScVPATVKRw31HXbe_1Ewx-fLBHKYphOzcuEbkfqlPWxowommZX0.cO8swRyK4v25sIr_hp95S1wzBFoByzfX2CdGhUwmJK0&dib_tag=se&keywords=clothing&qid=1746188099&sr=8-13
B0DK89638J,ANRABESS Boxer Shorts for Women Gingham Pajama 2025 Summer Casual Lounge Sleep Plaid Shorts Y2K Beach Bottoms,Clothing,8.99,,,4.4,283,N/A,https://www.amazon.com/ANRABESS-Shorts-Gingham-Pajama-Bottoms/dp/B0DK89638J/ref=sr_1_14?dib=eyJ2IjoiMSJ9.brIFAbzpeP3Tv9-IYuidWry09gbv4hlzcNFGBv9mGOndMwyd7kro-zBYnAJDfKiyaveIOsEydhY-FkdObi9_r_iAqdAyT4SVtPbKxuhwNPGXCKxS_xkA4YSYUbFH3TYZRa3P4nsXCTk_BUX6bpwz5gh7KmVctXrldwxi8tSiujDcq2aRPzZkJyDjVCh21sY9t450dVQfYAFkmZoMEfy81Tw6faojJuCbzp2kKNeaMVqUnvUpysijnxMqScVPATVKRw31HXbe_1Ewx-fLBHKYphOzcuEbkfqlPWxowommZX0.cO8swRyK4v25sIr_hp95S1wzBFoByzfX2CdGhUwmJK0&dib_tag=se&keywords=clothing&qid=1746188099&sr=8-14
B0BXH1HJZ7,ANRABESS Womens Rompers Summer Casual Loose Sleeveless Overalls Spaghetti Strap Shorts Jumpsuit 2025 Beach Vacation Outfits,Clothing,19.99,,,4.5,6300,N/A,https://www.amazon.com/ANRABESS-Jumpsuits-Overalls-Sleeveless-A948-qianhuahui-S/dp/B0BXH1HJZ7/ref=sr_1_15?dib=eyJ2IjoiMSJ9.brIFAbzpeP3Tv9-IYuidWry09gbv4hlzcNFGBv9mGOndMwyd7kro-zBYnAJDfKiyaveIOsEydhY-FkdObi9_r_iAqdAyT4SVtPbKxuhwNPGXCKxS_xkA4YSYUbFH3TYZRa3P4nsXCTk_BUX6bpwz5gh7KmVctXrldwxi8tSiujDcq2aRPzZkJyDjVCh21sY9t450dVQfYAFkmZoMEfy81Tw6faojJuCbzp2kKNeaMVqUnvUpysijnxMqScVPATVKRw31HXbe_1Ewx-fLBHKYphOzcuEbkfqlPWxowommZX0.cO8swRyK4v25sIr_hp95S1wzBFoByzfX2CdGhUwmJK0&dib_tag=se&keywords=clothing&qid=1746188099&sr=8-15
B071JYV6LN,"Hanes Men's EcoSmart Fleece, Pullover Crewneck Sweatshirt, 1 or 2 Pack",Clothing,7.0,,,4.6,153520,N/A,https://www.amazon.com/Hanes-EcoSmart-Fleece-Sweatshirt-Stonewashed/dp/B071JYV6LN/ref=sr_1_16?dib=eyJ2IjoiMSJ9.brIFAbzpeP3Tv9-IYuidWry09gbv4hlzcNFGBv9mGOndMwyd7kro-zBYnAJDfKiyaveIOsEydhY-FkdObi9_r_iAqdAyT4SVtPbKxuhwNPGXCKxS_xkA4YSYUbFH3TYZRa3P4nsXCTk_BUX6bpwz5gh7KmVctXrldwxi8tSiujDcq2aRPzZkJyDjVCh21sY9t450dVQfYAFkmZoMEfy81Tw6faojJuCbzp2kKNeaMVqUnvUpysijnxMqScVPATVKRw31HXbe_1Ewx-fLBHKYphOzcuEbkfqlPWxowommZX0.cO8swRyK4v25sIr_hp95S1wzBFoByzfX2CdGhUwmJK0&dib_tag=se&keywords=clothing&qid=1746188099&sr=8-16
B0CQJVHCVH,Trendy Queen Womens Going Out Crop Tops Backless Tank Tops Summer Y2k Teen Girls Basics Cute Clothes,Clothing,12.99,,,4.2,880,N/A,https://www.amazon.com/Trendy-Queen-Backless-Outfits-Clothes/dp/B0CQJVHCVH/ref=sr_1_17?dib=eyJ2IjoiMSJ9.brIFAbzpeP3Tv9-IYuidWry09gbv4hlzcNFGBv9mGOndMwyd7kro-zBYnAJDfKiyaveIOsEydhY-FkdObi9_r_iAqdAyT4SVtPbKxuhwNPGXCKxS_xkA4YSYUbFH3TYZRa3P4nsXCTk_BUX6bpwz5gh7KmVctXrldwxi8tSiujDcq2aRPzZkJyDjVCh21sY9t450dVQfYAFkmZoMEfy81Tw6faojJuCbzp2kKNeaMVqUnvUpysijnxMqScVPATVKRw31HXbe_1Ewx-fLBHKYphOzcuEbkfqlPWxowommZX0.cO8swRyK4v25sIr_hp95S1wzBFoByzfX2CdGhUwmJK0&dib_tag=se&keywords=clothing&qid=1746188099&sr=8-17
B0CYGNZMDV,Trendy Queen Workout Tops for Women Racerback Summer 2025 Tank Camisole V Neck Ribbed Sleeveless Beach Fashion Clothes,Clothing,9.99,,,4.4,487,N/A,https://www.amazon.com/Trendy-Queen-Racerback-Camisole-Fashion/dp/B0CYGNZMDV/ref=sr_1_18?dib=eyJ2IjoiMSJ9.brIFAbzpeP3Tv9-IYuidWry09gbv4hlzcNFGBv9mGOndMwyd7kro-zBYnAJDfKiyaveIOsEydhY-FkdObi9_r_iAqdAyT4SVtPbKxuhwNPGXCKxS_xkA4YSYUbFH3TYZRa3P4nsXCTk_BUX6bpwz5gh7KmVctXrldwxi8tSiujDcq2aRPzZkJyDjVCh21sY9t450dVQfYAFkmZoMEfy81Tw6faojJuCbzp2kKNeaMVqUnvUpysijnxMqScVPATVKRw31HXbe_1Ewx-fLBHKYphOzcuEbkfqlPWxowommZX0.cO8swRyK4v25sIr_hp95S1wzBFoByzfX2CdGhUwmJK0&dib_tag=se&keywords=clothing&qid=1746188099&sr=8-18
B0DKNR5H76,WIHOLL Womens Summer Tops Short Sleeve Basic Casual V Neck T Shirts Trendy Fashion 2025,Clothing,12.99,,,4.6,142,N/A,https://www.amazon.com/WIHOLL-Summer-Fashion-Vacation-Clothes/dp/B0DKNR5H76/ref=sr_1_19?dib=eyJ2IjoiMSJ9.brIFAbzpeP3Tv9-IYuidWry09gbv4hlzcNFGBv9mGOndMwyd7kro-zBYnAJDfKiyaveIOsEydhY-FkdObi9_r_iAqdAyT4SVtPbKxuhwNPGXCKxS_xkA4YSYUbFH3TYZRa3P4nsXCTk_BUX6bpwz5gh7KmVctXrldwxi8tSiujDcq2aRPzZkJyDjVCh21sY9t450dVQfYAFkmZoMEfy81Tw6faojJuCbzp2kKNeaMVqUnvUpysijnxMqScVPATVKRw31HXbe_1Ewx-fLBHKYphOzcuEbkfqlPWxowommZX0.cO8swRyK4v25sIr_hp95S1wzBFoByzfX2CdGhUwmJK0&dib_tag=se&keywords=clothing&qid=1746188099&sr=8-19
B0CKT79VGK,Dokotoo Womens Summer Scoop Neck Short Sleeve Sweater Casual Crochet Hollow Out Knit Tops Pullover Shirts Beach Coverup,Clothing,31.99,,,4.4,1951,N/A,https://www.amazon.com/Dokotoo-Sweater-Crochet-Business-Pullover/dp/B0CKT79VGK/ref=sr_1_20?dib=eyJ2IjoiMSJ9.brIFAbzpeP3Tv9-IYuidWry09gbv4hlzcNFGBv9mGOndMwyd7kro-zBYnAJDfKiyaveIOsEydhY-FkdObi9_r_iAqdAyT4SVtPbKxuhwNPGXCKxS_xkA4YSYUbFH3TYZRa3P4nsXCTk_BUX6bpwz5gh7KmVctXrldwxi8tSiujDcq2aRPzZkJyDjVCh21sY9t450dVQfYAFkmZoMEfy81Tw6faojJuCbzp2kKNeaMVqUnvUpysijnxMqScVPATVKRw31HXbe_1Ewx-fLBHKYphOzcuEbkfqlPWxowommZX0.cO8swRyK4v25sIr_hp95S1wzBFoByzfX2CdGhUwmJK0&dib_tag=se&keywords=clothing&qid=1746188099&sr=8-20
B0C7VLX4D8,Dokotoo Women Summer Dresses 2025 Spaghetti Strap Scoop Neck Smocked Ruffle Flowy Boho Maxi Dress,Clothing,28.04,,,4.2,1390,N/A,https://www.amazon.com/Dokotoo-Dresses-Spaghetti-Hawaiian-Vacation/dp/B0C7VLX4D8/ref=sr_1_21?dib=eyJ2IjoiMSJ9.brIFAbzpeP3Tv9-IYuidWry09gbv4hlzcNFGBv9mGOndMwyd7kro-zBYnAJDfKiyaveIOsEydhY-FkdObi9_r_iAqdAyT4SVtPbKxuhwNPGXCKxS_xkA4YSYUbFH3TYZRa3P4nsXCTk_BUX6bpwz5gh7KmVctXrldwxi8tSiujDcq2aRPzZkJyDjVCh21sY9t450dVQfYAFkmZoMEfy81Tw6faojJuCbzp2kKNeaMVqUnvUpysijnxMqScVPATVKRw31HXbe_1Ewx-fLBHKYphOzcuEbkfqlPWxowommZX0.cO8swRyK4v25sIr_hp95S1wzBFoByzfX2CdGhUwmJK0&dib_tag=se&keywords=clothing&qid=1746188099&sr=8-21
B0C4KYFBRT,ANRABESS Women Linen Palazzo Pants Summer Boho Wide Leg High Waist Casual Lounge Pant 2025 Beach Travel Vacation Outfits,Clothing,32.99,,,4.0,4124,N/A,https://www.amazon.com/ANRABESS-Palazzo-Summer-Trousers-1091heise-S/dp/B0C4KYFBRT/ref=sr_1_22?dib=eyJ2IjoiMSJ9.brIFAbzpeP3Tv9-IYuidWry09gbv4hlzcNFGBv9mGOndMwyd7kro-zBYnAJDfKiyaveIOsEydhY-FkdObi9_r_iAqdAyT4SVtPbKxuhwNPGXCKxS_xkA4YSYUbFH3TYZRa3P4nsXCTk_BUX6bpwz5gh7KmVctXrldwxi8tSiujDcq2aRPzZkJyDjVCh21sY9t450dVQfYAFkmZoMEfy81Tw6faojJuCbzp2kKNeaMVqUnvUpysijnxMqScVPATVKRw31HXbe_1Ewx-fLBHKYphOzcuEbkfqlPWxowommZX0.cO8swRyK4v25sIr_hp95S1wzBFoByzfX2CdGhUwmJK0&dib_tag=se&keywords=clothing&qid=1746188099&sr=8-22
B07TJ9VYFK,Under Armour Men's Tech Golf Polo,Clothing,15.28,,,4.7,61989,N/A,https://www.amazon.com/Under-Armour-Carolina-Pitch-Large/dp/B07TJ9VYFK/ref=sr_1_23?dib=eyJ2IjoiMSJ9.brIFAbzpeP3Tv9-IYuidWry09gbv4hlzcNFGBv9mGOndMwyd7kro-zBYnAJDfKiyaveIOsEydhY-FkdObi9_r_iAqdAyT4SVtPbKxuhwNPGXCKxS_xkA4YSYUbFH3TYZRa3P4nsXCTk_BUX6bpwz5gh7KmVctXrldwxi8tSiujDcq2aRPzZkJyDjVCh21sY9t450dVQfYAFkmZoMEfy81Tw6faojJuCbzp2kKNeaMVqUnvUpysijnxMqScVPATVKRw31HXbe_1Ewx-fLBHKYphOzcuEbkfqlPWxowommZX0.cO8swRyK4v25sIr_hp95S1wzBFoByzfX2CdGhUwmJK0&dib_tag=se&keywords=clothing&qid=1746188099&sr=8-23
B0CXJ9FF4D,AUTOMET Womens Summer Tops Oversized Short Sleeve Business Casual T Shirts Trendy Fashion Clothes Spring Outfits 2025,Clothing,7.99,,,4.4,2486,N/A,https://www.amazon.com/AUTOMET-Oversized-Business-Tshirts-CoffeeGrey/dp/B0CXJ9FF4D/ref=sr_1_24?dib=eyJ2IjoiMSJ9.brIFAbzpeP3Tv9-IYuidWry09gbv4hlzcNFGBv9mGOndMwyd7kro-zBYnAJDfKiyaveIOsEydhY-FkdObi9_r_iAqdAyT4SVtPbKxuhwNPGXCKxS_xkA4YSYUbFH3TYZRa3P4nsXCTk_BUX6bpwz5gh7KmVctXrldwxi8tSiujDcq2aRPzZkJyDjVCh21sY9t450dVQfYAFkmZoMEfy81Tw6faojJuCbzp2kKNeaMVqUnvUpysijnxMqScVPATVKRw31HXbe_1Ewx-fLBHKYphOzcuEbkfqlPWxowommZX0.cO8swRyK4v25sIr_hp95S1wzBFoByzfX2CdGhUwmJK0&dib_tag=se&keywords=clothing&qid=1746188099&sr=8-24
B0DS23LVM7,Trendy Queen Womens Strapless Tube Tops Basic Backless Sleeveless Bandeau Going Out Crop Tops Cute 2025 Summer Clothes,Clothing,12.99,,,4.4,61,N/A,https://www.amazon.com/Trendy-Queen-Strapless-Backless-Sleeveless/dp/B0DS23LVM7/ref=sr_1_25?dib=eyJ2IjoiMSJ9.brIFAbzpeP3Tv9-IYuidWry09gbv4hlzcNFGBv9mGOndMwyd7kro-zBYnAJDfKiyaveIOsEydhY-FkdObi9_r_iAqdAyT4SVtPbKxuhwNPGXCKxS_xkA4YSYUbFH3TYZRa3P4nsXCTk_BUX6bpwz5gh7KmVctXrldwxi8tSiujDcq2aRPzZkJyDjVCh21sY9t450dVQfYAFkmZoMEfy81Tw6faojJuCbzp2kKNeaMVqUnvUpysijnxMqScVPATVKRw31HXbe_1Ewx-fLBHKYphOzcuEbkfqlPWxowommZX0.cO8swRyK4v25sIr_hp95S1wzBFoByzfX2CdGhUwmJK0&dib_tag=se&keywords=clothing&qid=1746188099&sr=8-25
B0DYNRNJ44,Trendy Queen Oversized Tshirts for Women Workout Plus Size Tops V Neck Short Sleeve Gym Shirts Casual Loose Fit Basic Tees,Clothing,12.99,,,4.4,274,N/A,https://www.amazon.com/Trendy-Queen-Oversized-Vacation-DarkPink/dp/B0DYNRNJ44/ref=sr_1_26?dib=eyJ2IjoiMSJ9.brIFAbzpeP3Tv9-IYuidWry09gbv4hlzcNFGBv9mGOndMwyd7kro-zBYnAJDfKiyaveIOsEydhY-FkdObi9_r_iAqdAyT4SVtPbKxuhwNPGXCKxS_xkA4YSYUbFH3TYZRa3P4nsXCTk_BUX6bpwz5gh7KmVctXrldwxi8tSiujDcq2aRPzZkJyDjVCh21sY9t450dVQfYAFkmZoMEfy81Tw6faojJuCbzp2kKNeaMVqUnvUpysijnxMqScVPATVKRw31HXbe_1Ewx-fLBHKYphOzcuEbkfqlPWxowommZX0.cO8swRyK4v25sIr_hp95S1wzBFoByzfX2CdGhUwmJK0&dib_tag=se&keywords=clothing&qid=1746188099&sr=8-26
B0C13Y52VK,ANRABESS Jumpsuits for Women Casual Summer Overalls Sleeveless Spaghetti Strap Romper Jumpers Trendy Beach Vacation Outfits,Clothing,19.99,,,4.5,2754,N/A,https://www.amazon.com/ANRABESS-Sleeveless-Jumpsuits-Spaghetti-949heise-XL/dp/B0C13Y52VK/ref=sr_1_27?dib=eyJ2IjoiMSJ9.brIFAbzpeP3Tv9-IYuidWry09gbv4hlzcNFGBv9mGOndMwyd7kro-zBYnAJDfKiyaveIOsEydhY-FkdObi9_r_iAqdAyT4SVtPbKxuhwNPGXCKxS_xkA4YSYUbFH3TYZRa3P4nsXCTk_BUX6bpwz5gh7KmVctXrldwxi8tSiujDcq2aRPzZkJyDjVCh21sY9t450dVQfYAFkmZoMEfy81Tw6faojJuCbzp2kKNeaMVqUnvUpysijnxMqScVPATVKRw31HXbe_1Ewx-fLBHKYphOzcuEbkfqlPWxowommZX0.cO8swRyK4v25sIr_hp95S1wzBFoByzfX2CdGhUwmJK0&dib_tag=se&keywords=clothing&qid=1746188099&sr=8-27
B0CRPF84GM,OQQ Womens 2 Piece Shirts Short Sleeve Crew Neck Ruched Stretch Fitted Tee Shirts Crop Tops,Clothing,29.99,,,4.2,1429,N/A,https://www.amazon.com/OQQ-Womens-Shirts-Stretch-Tops/dp/B0CRPF84GM/ref=sr_1_28?dib=eyJ2IjoiMSJ9.brIFAbzpeP3Tv9-IYuidWry09gbv4hlzcNFGBv9mGOndMwyd7kro-zBYnAJDfKiyaveIOsEydhY-FkdObi9_r_iAqdAyT4SVtPbKxuhwNPGXCKxS_xkA4YSYUbFH3TYZRa3P4nsXCTk_BUX6bpwz5gh7KmVctXrldwxi8tSiujDcq2aRPzZkJyDjVCh21sY9t450dVQfYAFkmZoMEfy81Tw6faojJuCbzp2kKNeaMVqUnvUpysijnxMqScVPATVKRw31HXbe_1Ewx-fLBHKYphOzcuEbkfqlPWxowommZX0.cO8swRyK4v25sIr_hp95S1wzBFoByzfX2CdGhUwmJK0&dib_tag=se&keywords=clothing&qid=1746188099&sr=8-28
B0C65SYM5Q,Trendy Queen Womens Oversized Hoodies Fleece Sweatshirts Sweaters Spring Outfits 2025 Pullover Fall Winter Clothes,Clothing,32.99,,,4.5,7424,N/A,https://www.amazon.com/Trendy-Queen-Crewneck-Sweatshirts-Oversized/dp/B0C65SYM5Q/ref=sr_1_29?dib=eyJ2IjoiMSJ9.brIFAbzpeP3Tv9-IYuidWry09gbv4hlzcNFGBv9mGOndMwyd7kro-zBYnAJDfKiyaveIOsEydhY-FkdObi9_r_iAqdAyT4SVtPbKxuhwNPGXCKxS_xkA4YSYUbFH3TYZRa3P4nsXCTk_BUX6bpwz5gh7KmVctXrldwxi8tSiujDcq2aRPzZkJyDjVCh21sY9t450dVQfYAFkmZoMEfy81Tw6faojJuCbzp2kKNeaMVqUnvUpysijnxMqScVPATVKRw31HXbe_1Ewx-fLBHKYphOzcuEbkfqlPWxowommZX0.cO8swRyK4v25sIr_hp95S1wzBFoByzfX2CdGhUwmJK0&dib_tag=se&keywords=clothing&qid=1746188099&sr=8-29
B0DK8H81QH,ANRABESS Women Tops Cap Sleeve Textured Dressy Casual V Neck Shirts 2025 Summer Business Work Blouses Outfits,Clothing,14.99,,,4.5,268,N/A,https://www.amazon.com/ANRABESS-Textured-Business-Blouses-Outfits/dp/B0DK8H81QH/ref=sr_1_30?dib=eyJ2IjoiMSJ9.brIFAbzpeP3Tv9-IYuidWry09gbv4hlzcNFGBv9mGOndMwyd7kro-zBYnAJDfKiyaveIOsEydhY-FkdObi9_r_iAqdAyT4SVtPbKxuhwNPGXCKxS_xkA4YSYUbFH3TYZRa3P4nsXCTk_BUX6bpwz5gh7KmVctXrldwxi8tSiujDcq2aRPzZkJyDjVCh21sY9t450dVQfYAFkmZoMEfy81Tw6faojJuCbzp2kKNeaMVqUnvUpysijnxMqScVPATVKRw31HXbe_1Ewx-fLBHKYphOzcuEbkfqlPWxowommZX0.cO8swRyK4v25sIr_hp95S1wzBFoByzfX2CdGhUwmJK0&dib_tag=se&keywords=clothing&qid=1746188099&sr=8-30
B0CQSQPPT4,Trendy Queen Tshirts Shirts for Women Double Lined Going Out Crop Tops 2025 Spring Summer Workout Y2k Clothes Beach Fashion,Clothing,9.99,,,4.4,1083,N/A,https://www.amazon.com/Trendy-Queen-Womens-Sleeve-Clothes/dp/B0CQSQPPT4/ref=sr_1_31?dib=eyJ2IjoiMSJ9.brIFAbzpeP3Tv9-IYuidWry09gbv4hlzcNFGBv9mGOndMwyd7kro-zBYnAJDfKiyaveIOsEydhY-FkdObi9_r_iAqdAyT4SVtPbKxuhwNPGXCKxS_xkA4YSYUbFH3TYZRa3P4nsXCTk_BUX6bpwz5gh7KmVctXrldwxi8tSiujDcq2aRPzZkJyDjVCh21sY9t450dVQfYAFkmZoMEfy81Tw6faojJuCbzp2kKNeaMVqUnvUpysijnxMqScVPATVKRw31HXbe_1Ewx-fLBHKYphOzcuEbkfqlPWxowommZX0.cO8swRyK4v25sIr_hp95S1wzBFoByzfX2CdGhUwmJK0&dib_tag=se&keywords=clothing&qid=1746188099&sr=8-31
B0B3LJQ9S3,ODODOS Women's Crop 3-Pack Seamless Rib-Knit Camisole Crop Tank Tops,Clothing,28.98,,,4.4,11119,N/A,https://www.amazon.com/ODODOS-Seamless-Rib-Knit-Camisole-Taupe/dp/B0B3LJQ9S3/ref=sr_1_32?dib=eyJ2IjoiMSJ9.brIFAbzpeP3Tv9-IYuidWry09gbv4hlzcNFGBv9mGOndMwyd7kro-zBYnAJDfKiyaveIOsEydhY-FkdObi9_r_iAqdAyT4SVtPbKxuhwNPGXCKxS_xkA4YSYUbFH3TYZRa3P4nsXCTk_BUX6bpwz5gh7KmVctXrldwxi8tSiujDcq2aRPzZkJyDjVCh21sY9t450dVQfYAFkmZoMEfy81Tw6faojJuCbzp2kKNeaMVqUnvUpysijnxMqScVPATVKRw31HXbe_1Ewx-fLBHKYphOzcuEbkfqlPWxowommZX0.cO8swRyK4v25sIr_hp95S1wzBFoByzfX2CdGhUwmJK0&dib_tag=se&keywords=clothing&qid=1746188099&sr=8-32
B0CDCR6ZBZ,Hanes Women's Originals Comfywear Sleep Shorts (2 Pack),Clothing,20.32,,,4.6,633,N/A,https://www.amazon.com/Hanes-Originals-Comfywear-Lounge-Heather/dp/B0CDCR6ZBZ/ref=sr_1_37?dib=eyJ2IjoiMSJ9.brIFAbzpeP3Tv9-IYuidWry09gbv4hlzcNFGBv9mGOndMwyd7kro-zBYnAJDfKiyaveIOsEydhY-FkdObi9_r_iAqdAyT4SVtPbKxuhwNPGXCKxS_xkA4YSYUbFH3TYZRa3P4nsXCTk_BUX6bpwz5gh7KmVctXrldwxi8tSiujDcq2aRPzZkJyDjVCh21sY9t450dVQfYAFkmZoMEfy81Tw6faojJuCbzp2kKNeaMVqUnvUpysijnxMqScVPATVKRw31HXbe_1Ewx-fLBHKYphOzcuEbkfqlPWxowommZX0.cO8swRyK4v25sIr_hp95S1wzBFoByzfX2CdGhUwmJK0&dib_tag=se&keywords=clothing&qid=1746188099&sr=8-37
B0B12LP1XW,AUROLA Workout Leggings for Women Seamless Scrunch Tights Tummy Control Gym Fitness Girl Sport Active Yoga Pants,Clothing,27.99,,,4.2,18298,N/A,https://www.amazon.com/Seamless-Scrunch-Legging-Legging-25%EF%BC%88S-Chestnut/dp/B0B12LP1XW/ref=sr_1_38?dib=eyJ2IjoiMSJ9.brIFAbzpeP3Tv9-IYuidWry09gbv4hlzcNFGBv9mGOndMwyd7kro-zBYnAJDfKiyaveIOsEydhY-FkdObi9_r_iAqdAyT4SVtPbKxuhwNPGXCKxS_xkA4YSYUbFH3TYZRa3P4nsXCTk_BUX6bpwz5gh7KmVctXrldwxi8tSiujDcq2aRPzZkJyDjVCh21sY9t450dVQfYAFkmZoMEfy81Tw6faojJuCbzp2kKNeaMVqUnvUpysijnxMqScVPATVKRw31HXbe_1Ewx-fLBHKYphOzcuEbkfqlPWxowommZX0.cO8swRyK4v25sIr_hp95S1wzBFoByzfX2CdGhUwmJK0&dib_tag=se&keywords=clothing&qid=1746188099&sr=8-38
B0CW159JCR,AUTOMET Womens 2 Piece Sets Summer Outfits 2025 Two Piece Lounge Set Matching Clothing Oversized Tshirts Biker Short Fashion,Clothing,22.99,,,4.2,528,N/A,https://www.amazon.com/AUTOMET-Outfits-Oversized-Tracksuit-LightGreen/dp/B0CW159JCR/ref=sr_1_39?dib=eyJ2IjoiMSJ9.brIFAbzpeP3Tv9-IYuidWry09gbv4hlzcNFGBv9mGOndMwyd7kro-zBYnAJDfKiyaveIOsEydhY-FkdObi9_r_iAqdAyT4SVtPbKxuhwNPGXCKxS_xkA4YSYUbFH3TYZRa3P4nsXCTk_BUX6bpwz5gh7KmVctXrldwxi8tSiujDcq2aRPzZkJyDjVCh21sY9t450dVQfYAFkmZoMEfy81Tw6faojJuCbzp2kKNeaMVqUnvUpysijnxMqScVPATVKRw31HXbe_1Ewx-fLBHKYphOzcuEbkfqlPWxowommZX0.cO8swRyK4v25sIr_hp95S1wzBFoByzfX2CdGhUwmJK0&dib_tag=se&keywords=clothing&qid=1746188099&sr=8-39
B0BZBZ5T5R,WIHOLL Tops for Women Summer Casual Ruffle Trim Sleeve Square Neck T Shirts,Clothing,12.99,,,4.4,3690,N/A,https://www.amazon.com/WIHOLL-Square-Sleeve-Tshirts-Fashion/dp/B0BZBZ5T5R/ref=sr_1_40?dib=eyJ2IjoiMSJ9.brIFAbzpeP3Tv9-IYuidWry09gbv4hlzcNFGBv9mGOndMwyd7kro-zBYnAJDfKiyaveIOsEydhY-FkdObi9_r_iAqdAyT4SVtPbKxuhwNPGXCKxS_xkA4YSYUbFH3TYZRa3P4nsXCTk_BUX6bpwz5gh7KmVctXrldwxi8tSiujDcq2aRPzZkJyDjVCh21sY9t450dVQfYAFkmZoMEfy81Tw6faojJuCbzp2kKNeaMVqUnvUpysijnxMqScVPATVKRw31HXbe_1Ewx-fLBHKYphOzcuEbkfqlPWxowommZX0.cO8swRyK4v25sIr_hp95S1wzBFoByzfX2CdGhUwmJK0&dib_tag=se&keywords=clothing&qid=1746188099&sr=8-40
B0DSG33CF5,AUTOMET Womens Tank Tops 2025 Summer Dressy Casual Blouses Sleeveless Flowy Crewneck Outfits Basic Trendy Clothes,Clothing,9.99,,,4.4,143,N/A,https://www.amazon.com/AUTOMET-Blouses-Sleeveless-Crewneck-Outfits/dp/B0DSG33CF5/ref=sr_1_44?dib=eyJ2IjoiMSJ9.brIFAbzpeP3Tv9-IYuidWry09gbv4hlzcNFGBv9mGOndMwyd7kro-zBYnAJDfKiyaveIOsEydhY-FkdObi9_r_iAqdAyT4SVtPbKxuhwNPGXCKxS_xkA4YSYUbFH3TYZRa3P4nsXCTk_BUX6bpwz5gh7KmVctXrldwxi8tSiujDcq2aRPzZkJyDjVCh21sY9t450dVQfYAFkmZoMEfy81Tw6faojJuCbzp2kKNeaMVqUnvUpysijnxMqScVPATVKRw31HXbe_1Ewx-fLBHKYphOzcuEbkfqlPWxowommZX0.cO8swRyK4v25sIr_hp95S1wzBFoByzfX2CdGhUwmJK0&dib_tag=se&keywords=clothing&qid=1746188099&sr=8-44
B0B8NCSSQQ,AUTOMET 2 Piece Sets For Women Lounge Wear Matching Two Piece Pajama Fashion Oversized Shirts And Shorts Spring Outfit 2025,Clothing,36.99,,,4.2,1727,N/A,https://www.amazon.com/AUTOMET-Outfits-Lounge-Oversized-Tracksuit/dp/B0B8NCSSQQ/ref=sr_1_45?dib=eyJ2IjoiMSJ9.brIFAbzpeP3Tv9-IYuidWry09gbv4hlzcNFGBv9mGOndMwyd7kro-zBYnAJDfKiyaveIOsEydhY-FkdObi9_r_iAqdAyT4SVtPbKxuhwNPGXCKxS_xkA4YSYUbFH3TYZRa3P4nsXCTk_BUX6bpwz5gh7KmVctXrldwxi8tSiujDcq2aRPzZkJyDjVCh21sY9t450dVQfYAFkmZoMEfy81Tw6faojJuCbzp2kKNeaMVqUnvUpysijnxMqScVPATVKRw31HXbe_1Ewx-fLBHKYphOzcuEbkfqlPWxowommZX0.cO8swRyK4v25sIr_hp95S1wzBFoByzfX2CdGhUwmJK0&dib_tag=se&keywords=clothing&qid=1746188099&sr=8-45
B08G5FZK73,"HonestBaby Multipack Short Sleeve T-Shirt Tee 100% Organic Cotton Infant Baby, Toddler, Little Kids Boys, Girls, Unisex",Clothing,24.97,,,4.5,5727,N/A,https://www.amazon.com/HonestBaby-Organic-Toddler-T-Shirt-Multi-Pack/dp/B08G5FZK73/ref=sr_1_46?dib=eyJ2IjoiMSJ9.brIFAbzpeP3Tv9-IYuidWry09gbv4hlzcNFGBv9mGOndMwyd7kro-zBYnAJDfKiyaveIOsEydhY-FkdObi9_r_iAqdAyT4SVtPbKxuhwNPGXCKxS_xkA4YSYUbFH3TYZRa3P4nsXCTk_BUX6bpwz5gh7KmVctXrldwxi8tSiujDcq2aRPzZkJyDjVCh21sY9t450dVQfYAFkmZoMEfy81Tw6faojJuCbzp2kKNeaMVqUnvUpysijnxMqScVPATVKRw31HXbe_1Ewx-fLBHKYphOzcuEbkfqlPWxowommZX0.cO8swRyK4v25sIr_hp95S1wzBFoByzfX2CdGhUwmJK0&dib_tag=se&keywords=clothing&qid=1746188099&sr=8-46
B0CLQRV74V,Columbia Girl's Switchback Ii Jacket,Clothing,17.99,,,4.5,1105,N/A,https://www.amazon.com/Columbia-Switchback-Jacket-Bright-X-Small/dp/B0CLQRV74V/ref=sr_1_47?dib=eyJ2IjoiMSJ9.brIFAbzpeP3Tv9-IYuidWry09gbv4hlzcNFGBv9mGOndMwyd7kro-zBYnAJDfKiyaveIOsEydhY-FkdObi9_r_iAqdAyT4SVtPbKxuhwNPGXCKxS_xkA4YSYUbFH3TYZRa3P4nsXCTk_BUX6bpwz5gh7KmVctXrldwxi8tSiujDcq2aRPzZkJyDjVCh21sY9t450dVQfYAFkmZoMEfy81Tw6faojJuCbzp2kKNeaMVqUnvUpysijnxMqScVPATVKRw31HXbe_1Ewx-fLBHKYphOzcuEbkfqlPWxowommZX0.cO8swRyK4v25sIr_hp95S1wzBFoByzfX2CdGhUwmJK0&dib_tag=se&keywords=clothing&qid=1746188099&sr=8-47
B0874WPYV6,Under Armour Boys' Logo Short Sleeve Tee Shirt,Clothing,11.02,,,4.8,7169,N/A,https://www.amazon.com/Under-Armour-Short-Sleeve-T-Shirt-Black/dp/B0874WPYV6/ref=sr_1_48?dib=eyJ2IjoiMSJ9.brIFAbzpeP3Tv9-IYuidWry09gbv4hlzcNFGBv9mGOndMwyd7kro-zBYnAJDfKiyaveIOsEydhY-FkdObi9_r_iAqdAyT4SVtPbKxuhwNPGXCKxS_xkA4YSYUbFH3TYZRa3P4nsXCTk_BUX6bpwz5gh7KmVctXrldwxi8tSiujDcq2aRPzZkJyDjVCh21sY9t450dVQfYAFkmZoMEfy81Tw6faojJuCbzp2kKNeaMVqUnvUpysijnxMqScVPATVKRw31HXbe_1Ewx-fLBHKYphOzcuEbkfqlPWxowommZX0.cO8swRyK4v25sIr_hp95S1wzBFoByzfX2CdGhUwmJK0&dib_tag=se&keywords=clothing&qid=1746188099&sr=8-48
B0CYQ449G5,Dokotoo Tops for Women Striped 2025 Fashion T Shirts for Women Color Block Crewneck Design Loose Basic Tee,Clothing,14.99,,,4.2,1079,N/A,https://www.amazon.com/Dokotoo-Striped-Blouses-Fashion-Business/dp/B0CYQ449G5/ref=sr_1_49?dib=eyJ2IjoiMSJ9.brIFAbzpeP3Tv9-IYuidWry09gbv4hlzcNFGBv9mGOndMwyd7kro-zBYnAJDfKiyaveIOsEydhY-FkdObi9_r_iAqdAyT4SVtPbKxuhwNPGXCKxS_xkA4YSYUbFH3TYZRa3P4nsXCTk_BUX6bpwz5gh7KmVctXrldwxi8tSiujDcq2aRPzZkJyDjVCh21sY9t450dVQfYAFkmZoMEfy81Tw6faojJuCbzp2kKNeaMVqUnvUpysijnxMqScVPATVKRw31HXbe_1Ewx-fLBHKYphOzcuEbkfqlPWxowommZX0.cO8swRyK4v25sIr_hp95S1wzBFoByzfX2CdGhUwmJK0&dib_tag=se&keywords=clothing&qid=1746188099&sr=8-49
B016LJ5XNW,"Just My Size Women's Sweatspants, French Terry Capris with Pockets, JMS Women's Capri Pocket Sweatpants",Clothing,13.92,,,4.3,17755,N/A,https://www.amazon.com/Womens-Plus-SizeFrench-Terry-Capri-Pockets/dp/B016LJ5XNW/ref=sr_1_50?dib=eyJ2IjoiMSJ9.brIFAbzpeP3Tv9-IYuidWry09gbv4hlzcNFGBv9mGOndMwyd7kro-zBYnAJDfKiyaveIOsEydhY-FkdObi9_r_iAqdAyT4SVtPbKxuhwNPGXCKxS_xkA4YSYUbFH3TYZRa3P4nsXCTk_BUX6bpwz5gh7KmVctXrldwxi8tSiujDcq2aRPzZkJyDjVCh21sY9t450dVQfYAFkmZoMEfy81Tw6faojJuCbzp2kKNeaMVqUnvUpysijnxMqScVPATVKRw31HXbe_1Ewx-fLBHKYphOzcuEbkfqlPWxowommZX0.cO8swRyK4v25sIr_hp95S1wzBFoByzfX2CdGhUwmJK0&dib_tag=se&keywords=clothing&qid=1746188099&sr=8-50
B0BMCPJ67Y,The Children's Place Girls' Short Sleeve Fashion Skater Dress,Clothing,13.77,,,4.7,682,N/A,https://www.amazon.com/Childrens-Place-Sleeve-Fashion-Skater/dp/B0BMCPJ67Y/ref=sr_1_51?dib=eyJ2IjoiMSJ9.brIFAbzpeP3Tv9-IYuidWry09gbv4hlzcNFGBv9mGOndMwyd7kro-zBYnAJDfKiyaveIOsEydhY-FkdObi9_r_iAqdAyT4SVtPbKxuhwNPGXCKxS_xkA4YSYUbFH3TYZRa3P4nsXCTk_BUX6bpwz5gh7KmVctXrldwxi8tSiujDcq2aRPzZkJyDjVCh21sY9t450dVQfYAFkmZoMEfy81Tw6faojJuCbzp2kKNeaMVqUnvUpysijnxMqScVPATVKRw31HXbe_1Ewx-fLBHKYphOzcuEbkfqlPWxowommZX0.cO8swRyK4v25sIr_hp95S1wzBFoByzfX2CdGhUwmJK0&dib_tag=se&keywords=clothing&qid=1746188099&sr=8-51
B07F28HVS5,Amazon Essentials Women's Lightweight Open-Front Cardigan Sweater (Available in Plus Size),Clothing,15.9,,,4.4,25038,N/A,https://www.amazon.com/Amazon-Essentials-Open-Front-Cardigan-Sweater/dp/B07F28HVS5/ref=sr_1_52?dib=eyJ2IjoiMSJ9.brIFAbzpeP3Tv9-IYuidWry09gbv4hlzcNFGBv9mGOndMwyd7kro-zBYnAJDfKiyaveIOsEydhY-FkdObi9_r_iAqdAyT4SVtPbKxuhwNPGXCKxS_xkA4YSYUbFH3TYZRa3P4nsXCTk_BUX6bpwz5gh7KmVctXrldwxi8tSiujDcq2aRPzZkJyDjVCh21sY9t450dVQfYAFkmZoMEfy81Tw6faojJuCbzp2kKNeaMVqUnvUpysijnxMqScVPATVKRw31HXbe_1Ewx-fLBHKYphOzcuEbkfqlPWxowommZX0.cO8swRyK4v25sIr_hp95S1wzBFoByzfX2CdGhUwmJK0&dib_tag=se&keywords=clothing&qid=1746188099&sr=8-52
B0BYNRGCWX,CUPSHE Women's Lace Up Leopard Print Romper Short Sleeves Jumpsuits Wide leg Outfit,Clothing,37.79,,,4.0,533,N/A,https://www.amazon.com/CUPSHE-Striped-Sleeves-Jumpsuit-Jumpsuits/dp/B0BYNRGCWX/ref=sr_1_53?dib=eyJ2IjoiMSJ9.brIFAbzpeP3Tv9-IYuidWry09gbv4hlzcNFGBv9mGOndMwyd7kro-zBYnAJDfKiyaveIOsEydhY-FkdObi9_r_iAqdAyT4SVtPbKxuhwNPGXCKxS_xkA4YSYUbFH3TYZRa3P4nsXCTk_BUX6bpwz5gh7KmVctXrldwxi8tSiujDcq2aRPzZkJyDjVCh21sY9t450dVQfYAFkmZoMEfy81Tw6faojJuCbzp2kKNeaMVqUnvUpysijnxMqScVPATVKRw31HXbe_1Ewx-fLBHKYphOzcuEbkfqlPWxowommZX0.cO8swRyK4v25sIr_hp95S1wzBFoByzfX2CdGhUwmJK0&dib_tag=se&keywords=clothing&qid=1746188099&sr=8-53
B07BJ8FGMS,Amazon Essentials Women's Lightweight Crewneck Cardigan Sweater (Available in Plus Size),Clothing,14.9,,,4.4,15579,N/A,https://www.amazon.com/Amazon-Essentials-Cardigan-Sweater-Charcoal/dp/B07BJ8FGMS/ref=sr_1_54?dib=eyJ2IjoiMSJ9.brIFAbzpeP3Tv9-IYuidWry09gbv4hlzcNFGBv9mGOndMwyd7kro-zBYnAJDfKiyaveIOsEydhY-FkdObi9_r_iAqdAyT4SVtPbKxuhwNPGXCKxS_xkA4YSYUbFH3TYZRa3P4nsXCTk_BUX6bpwz5gh7KmVctXrldwxi8tSiujDcq2aRPzZkJyDjVCh21sY9t450dVQfYAFkmZoMEfy81Tw6faojJuCbzp2kKNeaMVqUnvUpysijnxMqScVPATVKRw31HXbe_1Ewx-fLBHKYphOzcuEbkfqlPWxowommZX0.cO8swRyK4v25sIr_hp95S1wzBFoByzfX2CdGhUwmJK0&dib_tag=se&keywords=clothing&qid=1746188099&sr=8-54
B0BNDCRMP2,The Children's Place Boys' Athletic Basketball Shorts,Clothing,6.0,,,4.5,4028,N/A,https://www.amazon.com/Childrens-Place-Athletic-Basketball-Shorts/dp/B0BNDCRMP2/ref=sr_1_55?dib=eyJ2IjoiMSJ9.brIFAbzpeP3Tv9-IYuidWry09gbv4hlzcNFGBv9mGOndMwyd7kro-zBYnAJDfKiyaveIOsEydhY-FkdObi9_r_iAqdAyT4SVtPbKxuhwNPGXCKxS_xkA4YSYUbFH3TYZRa3P4nsXCTk_BUX6bpwz5gh7KmVctXrldwxi8tSiujDcq2aRPzZkJyDjVCh21sY9t450dVQfYAFkmZoMEfy81Tw6faojJuCbzp2kKNeaMVqUnvUpysijnxMqScVPATVKRw31HXbe_1Ewx-fLBHKYphOzcuEbkfqlPWxowommZX0.cO8swRyK4v25sIr_hp95S1wzBFoByzfX2CdGhUwmJK0&dib_tag=se&keywords=clothing&qid=1746188099&sr=8-55
B09DPH4V6V,Trendy Queen Womens Zip Up Hoodies Oversized Sweatshirts Fall Fashion Outfits Casual Jackets 2025 Winter Clothes,Clothing,36.99,,,4.3,4895,N/A,https://www.amazon.com/Trendy-Queen-Oversized-Drawstring-sweatshirts/dp/B09DPH4V6V/ref=sr_1_53?dib=eyJ2IjoiMSJ9.xgk7eItCl9iKhB3NszExgWHhoV4l62HonKTXwEy4ju24z64sD9KJPILarCUkn1fA3l-OJCaS-lMbMW9KE2rXTneXKgT-lFG9fOI80NFwkJg5-xqr0AOFeKxZaEBZrEpvJx_6HbsaFb50qFJYtnYEepsts6M-hqid884lt8amTTMYUvHWO7eDVB-4KqaZ9bnFftCpVvenaKyG8PBHJqOXsQpGgRyBISnTr7wGDar_BxFNonw5zwrxVeVQpUpe3e2C6kU-iCLqx78eQQ2_zj_sCOUb3EzOB_8CyTjpKKm7YZ4.gJlcIr5PnPzaBfUTUFTBfOM92nNtmOswYhw2cc30CYA&dib_tag=se&keywords=clothing&qid=1746188114&sr=8-53&xpid=7mv5S4TRSN5bZ
B09VL7K25J,Women's Floral Print Puff Sleeve Kimono Cardigan Loose Cover Up Casual Blouse Tops,Clothing,14.99,,,4.4,74047,N/A,https://www.amazon.com/Summer-Kimono-Cardigan-Casual-Swimwear/dp/B09VL7K25J/ref=sr_1_54?dib=eyJ2IjoiMSJ9.xgk7eItCl9iKhB3NszExgWHhoV4l62HonKTXwEy4ju24z64sD9KJPILarCUkn1fA3l-OJCaS-lMbMW9KE2rXTneXKgT-lFG9fOI80NFwkJg5-xqr0AOFeKxZaEBZrEpvJx_6HbsaFb50qFJYtnYEepsts6M-hqid884lt8amTTMYUvHWO7eDVB-4KqaZ9bnFftCpVvenaKyG8PBHJqOXsQpGgRyBISnTr7wGDar_BxFNonw5zwrxVeVQpUpe3e2C6kU-iCLqx78eQQ2_zj_sCOUb3EzOB_8CyTjpKKm7YZ4.gJlcIr5PnPzaBfUTUFTBfOM92nNtmOswYhw2cc30CYA&dib_tag=se&keywords=clothing&qid=1746188114&sr=8-54&xpid=7mv5S4TRSN5bZ
B08BV449BY,Gerber Baby Boys 4 Pack Sleep 'N Play Footie,Clothing,21.1,,,4.7,64720,N/A,https://www.amazon.com/Gerber-Sleep-Footie-Jungle-Newborn/dp/B08BV449BY/ref=sr_1_55?dib=eyJ2IjoiMSJ9.xgk7eItCl9iKhB3NszExgWHhoV4l62HonKTXwEy4ju24z64sD9KJPILarCUkn1fA3l-OJCaS-lMbMW9KE2rXTneXKgT-lFG9fOI80NFwkJg5-xqr0AOFeKxZaEBZrEpvJx_6HbsaFb50qFJYtnYEepsts6M-hqid884lt8amTTMYUvHWO7eDVB-4KqaZ9bnFftCpVvenaKyG8PBHJqOXsQpGgRyBISnTr7wGDar_BxFNonw5zwrxVeVQpUpe3e2C6kU-iCLqx78eQQ2_zj_sCOUb3EzOB_8CyTjpKKm7YZ4.gJlcIr5PnPzaBfUTUFTBfOM92nNtmOswYhw2cc30CYA&dib_tag=se&keywords=clothing&qid=1746188114&sr=8-55&xpid=7mv5S4TRSN5bZ
B09BTBDVXQ,COOFANDY Men Workout Tank Top Gym Bodybuilding Sleeveless Muscle T Shirts Cut Off Shirts,Clothing,19.15,,,4.1,2625,N/A,https://www.amazon.com/COOFANDY-Bodybuilding-Pack-Workout-Shirt/dp/B09BTBDVXQ/ref=sr_1_56?dib=eyJ2IjoiMSJ9.xgk7eItCl9iKhB3NszExgWHhoV4l62HonKTXwEy4ju24z64sD9KJPILarCUkn1fA3l-OJCaS-lMbMW9KE2rXTneXKgT-lFG9fOI80NFwkJg5-xqr0AOFeKxZaEBZrEpvJx_6HbsaFb50qFJYtnYEepsts6M-hqid884lt8amTTMYUvHWO7eDVB-4KqaZ9bnFftCpVvenaKyG8PBHJqOXsQpGgRyBISnTr7wGDar_BxFNonw5zwrxVeVQpUpe3e2C6kU-iCLqx78eQQ2_zj_sCOUb3EzOB_8CyTjpKKm7YZ4.gJlcIr5PnPzaBfUTUFTBfOM92nNtmOswYhw2cc30CYA&dib_tag=se&keywords=clothing&qid=1746188114&sr=8-56&xpid=7mv5S4TRSN5bZ
B0C6WKH8JC,"HUK Men's Fishing Graphic Tee, Performance Short Sleeve, Quick-Dry",Clothing,20.97,,,4.7,490,N/A,https://www.amazon.com/HUK-Standard-Performance-Quick-Dry-Sketch-Set/dp/B0C6WKH8JC/ref=sr_1_57?dib=eyJ2IjoiMSJ9.xgk7eItCl9iKhB3NszExgWHhoV4l62HonKTXwEy4ju24z64sD9KJPILarCUkn1fA3l-OJCaS-lMbMW9KE2rXTneXKgT-lFG9fOI80NFwkJg5-xqr0AOFeKxZaEBZrEpvJx_6HbsaFb50qFJYtnYEepsts6M-hqid884lt8amTTMYUvHWO7eDVB-4KqaZ9bnFftCpVvenaKyG8PBHJqOXsQpGgRyBISnTr7wGDar_BxFNonw5zwrxVeVQpUpe3e2C6kU-iCLqx78eQQ2_zj_sCOUb3EzOB_8CyTjpKKm7YZ4.gJlcIr5PnPzaBfUTUFTBfOM92nNtmOswYhw2cc30CYA&dib_tag=se&keywords=clothing&qid=1746188114&sr=8-57&xpid=7mv5S4TRSN5bZ
B0006VVT58,Gloria Vanderbilt Women's Amanda Classic High Rise Tapered Jean,Clothing,18.38,,,4.3,75439,N/A,https://www.amazon.com/Gloria-Vanderbilt-Womens-Amanda-Classic/dp/B0006VVT58/ref=sr_1_58?dib=eyJ2IjoiMSJ9.xgk7eItCl9iKhB3NszExgWHhoV4l62HonKTXwEy4ju24z64sD9KJPILarCUkn1fA3l-OJCaS-lMbMW9KE2rXTneXKgT-lFG9fOI80NFwkJg5-xqr0AOFeKxZaEBZrEpvJx_6HbsaFb50qFJYtnYEepsts6M-hqid884lt8amTTMYUvHWO7eDVB-4KqaZ9bnFftCpVvenaKyG8PBHJqOXsQpGgRyBISnTr7wGDar_BxFNonw5zwrxVeVQpUpe3e2C6kU-iCLqx78eQQ2_zj_sCOUb3EzOB_8CyTjpKKm7YZ4.gJlcIr5PnPzaBfUTUFTBfOM92nNtmOswYhw2cc30CYA&dib_tag=se&keywords=clothing&qid=1746188114&sr=8-58&xpid=7mv5S4TRSN5bZ
B07YLTJ25T,"Amazon Essentials Women's Slim-Fit Tank, Pack of 2",Clothing,13.3,,,4.6,67645,N/A,https://www.amazon.com/Amazon-Essentials-Womens-Standard-Slim-Fit/dp/B07YLTJ25T/ref=sr_1_59?dib=eyJ2IjoiMSJ9.xgk7eItCl9iKhB3NszExgWHhoV4l62HonKTXwEy4ju24z64sD9KJPILarCUkn1fA3l-OJCaS-lMbMW9KE2rXTneXKgT-lFG9fOI80NFwkJg5-xqr0AOFeKxZaEBZrEpvJx_6HbsaFb50qFJYtnYEepsts6M-hqid884lt8amTTMYUvHWO7eDVB-4KqaZ9bnFftCpVvenaKyG8PBHJqOXsQpGgRyBISnTr7wGDar_BxFNonw5zwrxVeVQpUpe3e2C6kU-iCLqx78eQQ2_zj_sCOUb3EzOB_8CyTjpKKm7YZ4.gJlcIr5PnPzaBfUTUFTBfOM92nNtmOswYhw2cc30CYA&dib_tag=se&keywords=clothing&qid=1746188114&sr=8-59&xpid=7mv5S4TRSN5bZ
B07757XHGP,"Amazon Essentials Women's Classic-Fit Short-Sleeve Crewneck T-Shirt, Multipacks",Clothing,7.42,,,4.4,53462,N/A,https://www.amazon.com/Amazon-Essentials-Short-Sleeve-Crewneck-XX-Large/dp/B07757XHGP/ref=sr_1_60?dib=eyJ2IjoiMSJ9.xgk7eItCl9iKhB3NszExgWHhoV4l62HonKTXwEy4ju24z64sD9KJPILarCUkn1fA3l-OJCaS-lMbMW9KE2rXTneXKgT-lFG9fOI80NFwkJg5-xqr0AOFeKxZaEBZrEpvJx_6HbsaFb50qFJYtnYEepsts6M-hqid884lt8amTTMYUvHWO7eDVB-4KqaZ9bnFftCpVvenaKyG8PBHJqOXsQpGgRyBISnTr7wGDar_BxFNonw5zwrxVeVQpUpe3e2C6kU-iCLqx78eQQ2_zj_sCOUb3EzOB_8CyTjpKKm7YZ4.gJlcIr5PnPzaBfUTUFTBfOM92nNtmOswYhw2cc30CYA&dib_tag=se&keywords=clothing&qid=1746188114&sr=8-60&xpid=7mv5S4TRSN5bZ
B07QPQLW34,Gerber baby-boys 5-pack Short Sleeve Variety Onesies Bodysuits,Clothing,12.0,,,4.8,19044,N/A,https://www.amazon.com/GERBER-5-Pack-Variety-Onesies-Bodysuits/dp/B07QPQLW34/ref=sr_1_62?dib=eyJ2IjoiMSJ9.xgk7eItCl9iKhB3NszExgWHhoV4l62HonKTXwEy4ju24z64sD9KJPILarCUkn1fA3l-OJCaS-lMbMW9KE2rXTneXKgT-lFG9fOI80NFwkJg5-xqr0AOFeKxZaEBZrEpvJx_6HbsaFb50qFJYtnYEepsts6M-hqid884lt8amTTMYUvHWO7eDVB-4KqaZ9bnFftCpVvenaKyG8PBHJqOXsQpGgRyBISnTr7wGDar_BxFNonw5zwrxVeVQpUpe3e2C6kU-iCLqx78eQQ2_zj_sCOUb3EzOB_8CyTjpKKm7YZ4.gJlcIr5PnPzaBfUTUFTBfOM92nNtmOswYhw2cc30CYA&dib_tag=se&keywords=clothing&qid=1746188114&sr=8-62&xpid=7mv5S4TRSN5bZ
